{"0": [0, 0.0, 31.666666666666668, 32.0], "1": [31.666666666666668, 0.0, 31.666666666666668, 32.0], "2": [63.333333333333336, 0.0, 31.666666666666668, 32.0]}