{"0": [0, 64.0, 31.666666666666668, 32.0], "1": [31.666666666666668, 64.0, 31.666666666666668, 32.0], "2": [63.333333333333336, 64.0, 31.666666666666668, 32.0]}